{
  "ridge_val": {
    "model": "Ridge/val",
    "rmse": 0.1335556848986867,
    "mae": 0.09400718536914704,
    "r2": 0.16010265506626864
  },
  "xgb_val": {
    "model": "XGBoost/val",
    "rmse": 0.1175184249449705,
    "mae": 0.06335160841760962,
    "r2": 0.3497005675080348
  },
  "ridge_test": {
    "model": "Ridge/test",
    "rmse": 0.09871920764056227,
    "mae": 0.06831416604380881,
    "r2": 0.05363629649685009
  },
  "xgb_test": {
    "model": "XGBoost/test",
    "rmse": 0.08466247549576485,
    "mae": 0.04581706928595281,
    "r2": 0.30395602390582255
  }
}